Fixos;;;;Batentes;;;
VedanteExterior;Espessura Vidro; Vedante Interior;Bite;VedanteExterior;Espessura Vidro; Vedante Interior;Bite
2042;4;2042;AT91;2042;4;2034;AT90
2003;5;2037;AT92;2003;5;2037;AT91
2003;6;2035;AT92;2003;6;2037;AT91
2003;8;2073;AT92;2003;8;2073;AT98
2003;10;2035;AT97;2035;10;2037;AT91
2003;13;2073;AT97;2003;14;2035;AT92
2003;14;2034;AT93;2003;16;2037;AT97
2003;16;2035;AT94;2003;18;2035;AT97
2003;18;2034;AT94;2003;20;2037;AT93
2003;20;2035;AT95;2003;22;2034;AT93
2003;22;2034;AT95;2003;24;2035;AT94
2003;24;2034;AT96;2003;26;2037;AT95
2003;26;2034;AT96;2003;28;2035;AT95
2003;28;2035;AT96;2003;30;2037;AT95
2003;29;2034;AT99;2003;32;2034;AT96
2003;30;2073;AT99;2003;34;2073;AT96
2003;31;2042;AT99;;;;
